feature_id,model_id,layer,source_keyword,explanation,exemplar_count,language,rank,pk_id,book_name,chapter,verse,verse_ref,raw_text,score
12447,llama3.1-8b,21-llamascope-res-32k,feeling, references to emotional experiences and thoughts related to relief and accountability,8,cuv,1,JHN-016-033,John,16,33,John 16:33,我 将 这 些 事 告 诉 你 们 ， 是 要 叫 你 们 在 我 里 面 有 平 安 。 在 世 上 ， 你 们 有 苦 难 ； 但 你 们 可 以 放 心 ， 我 已 经 胜 了 世 界 。,0.6857257
29168,llama3.1-8b,19-llamascope-res-32k,feeling,expressions related to emotions and feelings,8,cuv,1,1CO-007-040,1 Corinthians,7,40,1 Corinthians 7:40,然 而 按 我 的 意 见 ， 若 常 守 节 更 有 福 气 。 我 也 想 自 己 是 被 神 的 灵 感 动 了 。,0.6727346
30221,llama3.1-8b,26-llamascope-res-32k,feeling,emotional experiences and complex feelings,8,cuv,1,JHN-016-033,John,16,33,John 16:33,我 将 这 些 事 告 诉 你 们 ， 是 要 叫 你 们 在 我 里 面 有 平 安 。 在 世 上 ， 你 们 有 苦 难 ； 但 你 们 可 以 放 心 ， 我 已 经 胜 了 世 界 。,0.67273337
13867,llama3.1-8b,21-llamascope-res-32k,feeling,various expressions and contexts of feelings and emotions,8,cuv,1,2CO-002-003,2 Corinthians,2,3,2 Corinthians 2:3,我 曾 把 这 事 写 给 你 们 ， 恐 怕 我 到 的 时 候 ， 应 该 叫 我 快 乐 的 那 些 人 ， 反 倒 叫 我 忧 愁 。 我 也 深 信 ， 你 们 众 人 都 以 我 的 快 乐 为 自 己 的 快 乐 。,0.672135
30221,llama3.1-8b,26-llamascope-res-32k,feeling,emotional experiences and complex feelings,8,cuv,2,JHN-016-020,John,16,20,John 16:20,我 实 实 在 在 的 告 诉 你 们 ， 你 们 将 要 痛 哭 、 哀 号 ， 世 人 倒 要 喜 乐 ； 你 们 将 要 忧 愁 ， 然 而 你 们 的 忧 愁 要 变 为 喜 乐 。,0.66780406
16010,llama3.1-8b,0-llamascope-res-32k,feeling, words related to emotions or states of being,8,cuv,1,JER-004-013,Jeremiah,4,13,Jeremiah 4:13,看 哪 ， 仇 敌 必 如 云 上 来 ； 他 的 战 车 如 旋 风 ， 他 的 马 匹 比 鹰 更 快 。 我 们 有 祸 了 ！ 我 们 败 落 了 ！,0.66737014
4241,llama3.1-8b,2-llamascope-res-32k,feeling, expressions of understanding and realization,8,cuv,1,ECC-008-006,Ecclesiastes,8,6,Ecclesiastes 8:6,各 样 事 务 成 就 都 有 时 候 和 定 理 ， 因 为 人 的 苦 难 重 压 在 他 身 上 。,0.66535723
12447,llama3.1-8b,21-llamascope-res-32k,feeling, references to emotional experiences and thoughts related to relief and accountability,8,cuv,2,2CO-001-006,2 Corinthians,1,6,2 Corinthians 1:6,我 们 受 患 难 呢 ， 是 为 叫 你 们 得 安 慰 ， 得 拯 救 ； 我 们 得 安 慰 呢 ， 也 是 为 叫 你 们 得 安 慰 ； 这 安 慰 能 叫 你 们 忍 受 我 们 所 受 的 那 样 苦 楚 。,0.66368306
22875,llama3.1-8b,18-llamascope-res-32k,feeling, phrases indicating a sense of being influenced or affected by various factors or emotions,8,cuv,1,NUM-005-030,Numbers,5,30,Numbers 5:30,或 是 人 生 了 疑 恨 的 心 ， 疑 恨 他 的 妻 ， 就 有 这 疑 恨 的 条 例 。 那 时 他 要 叫 妇 人 站 在 耶 和 华 面 前 ， 祭 司 要 在 他 身 上 照 这 条 例 而 行 。,0.6634636
16010,llama3.1-8b,0-llamascope-res-32k,feeling, words related to emotions or states of being,8,cuv,2,1KI-020-020,1 Kings,20,20,1 Kings 20:20,各 人 遇 见 敌 人 就 杀 。 亚 兰 人 逃 跑 ， 以 色 列 人 追 赶 他 们 ； 亚 兰 王 便 哈 达 骑 着 马 和 马 兵 一 同 逃 跑 。,0.6632377
16010,llama3.1-8b,0-llamascope-res-32k,feeling, words related to emotions or states of being,8,cuv,3,JOB-001-015,Job,1,15,Job 1:15,示 巴 人 忽 然 闯 来 ， 把 牲 畜 掳 去 ， 并 用 刀 杀 了 仆 人 ； 惟 有 我 一 人 逃 脱 ， 来 报 信 给 你 。 」,0.66293865
4241,llama3.1-8b,2-llamascope-res-32k,feeling, expressions of understanding and realization,8,cuv,2,JHN-005-030,John,5,30,John 5:30,我 凭 着 自 己 不 能 做 甚 麽 ， 我 怎 麽 听 见 就 怎 麽 审 判 。 我 的 审 判 也 是 公 平 的 ； 因 为 我 不 求 自 己 的 意 思 ， 只 求 那 差 我 来 者 的 意 思 。,0.662922
3071,llama3.1-8b,2-llamascope-res-32k,feeling,"emotions related to love, self-worth, and personal acceptance",8,esv,1,2CO-003-018,2CO,3,18,2CO 3:18,"And we all, with unveiled face, beholding the glory of the Lord, are being transformed into the same image from one degree of glory to another. For this comes from the Lord who is the Spirit.",0.6625457
16010,llama3.1-8b,0-llamascope-res-32k,feeling, words related to emotions or states of being,8,esv,1,JER-005-006,JER,5,6,JER 5:6,"Therefore a lion from the forest shall strike them down; a wolf from the desert shall devastate them. A leopard is watching their cities; everyone who goes out of them shall be torn in pieces, because their transgressions are many, their apostasies are great.",0.6621379
30221,llama3.1-8b,26-llamascope-res-32k,feeling,emotional experiences and complex feelings,8,cuv,3,JHN-016-022,John,16,22,John 16:22,你 们 现 在 也 是 忧 愁 ， 但 我 要 再 见 你 们 ， 你 们 的 心 就 喜 乐 了 ； 这 喜 乐 也 没 有 人 能 夺 去 。,0.661843
20703,llama3.1-8b,13-llamascope-res-32k,sentiment, expressions of emotions and sentiments,8,cuv,1,ECC-012-012,Ecclesiastes,12,12,Ecclesiastes 12:12,我 儿 ， 还 有 一 层 ， 你 当 受 劝 戒 ： 着 书 多 ， 没 有 穷 尽 ； 读 书 多 ， 身 体 疲 倦 。,0.6615076
30221,llama3.1-8b,26-llamascope-res-32k,feeling,emotional experiences and complex feelings,8,cuv,4,ROM-012-012,Romans,12,12,Romans 12:12,在 指 望 中 要 喜 乐 ， 在 患 难 中 要 忍 耐 ， 祷 告 要 恒 切 。,0.66113156
16010,llama3.1-8b,0-llamascope-res-32k,feeling, words related to emotions or states of being,8,esv,2,DAN-007-004,DAN,7,4,DAN 7:4,"The first was like a lion and had eagles' wings. Then as I looked its wings were plucked off, and it was lifted up from the ground and made to stand on two feet like a man, and the mind of a man was given to it.",0.6610695
22916,llama3.1-8b,2-llamascope-res-32k,feeling,expressions of emotional states related to feeling and emotional connections,8,esv,1,1TI-006-002,1TI,6,2,1TI 6:2,Those who have believing masters must not be disrespectful on the ground that they are brothers; rather they must serve all the better since those who benefit by their good service are believers and beloved.Teach and urge these things.,0.66096604
12447,llama3.1-8b,21-llamascope-res-32k,feeling, references to emotional experiences and thoughts related to relief and accountability,8,esv,1,2CO-007-009,2CO,7,9,2CO 7:9,"As it is, I rejoice, not because you were grieved, but because you were grieved into repenting. For you felt a godly grief, so that you suffered no loss through us.",0.66091514
4241,llama3.1-8b,2-llamascope-res-32k,feeling, expressions of understanding and realization,8,cuv,3,2CH-001-010,2 Chronicles,1,10,2 Chronicles 1:10,求 你 赐 我 智 慧 聪 明 ， 我 好 在 这 民 前 出 入 ； 不 然 ， 谁 能 判 断 这 众 多 的 民 呢 ？,0.66088897
16010,llama3.1-8b,0-llamascope-res-32k,feeling, words related to emotions or states of being,8,cuv,4,2KI-001-014,2 Kings,1,14,2 Kings 1:14,已 经 有 火 从 天 上 降 下 来 ， 烧 灭 前 两 次 来 的 五 十 夫 长 和 他 们 各 自 带 的 五 十 人 ； 现 在 愿 我 的 性 命 在 你 眼 前 看 为 宝 贵 ！,0.66079676
12447,llama3.1-8b,21-llamascope-res-32k,feeling, references to emotional experiences and thoughts related to relief and accountability,8,esv,2,JHN-016-033,JHN,16,33,JHN 16:33,"I have said these things to you, that in me you may have peace. In the world you will have tribulation. But take heart; I have overcome the world.""",0.6607544
12447,llama3.1-8b,21-llamascope-res-32k,feeling, references to emotional experiences and thoughts related to relief and accountability,8,cuv,3,JOB-030-025,Job,30,25,Job 30:25,人 遭 难 ， 我 岂 不 为 他 哭 泣 呢 ？ 人 穷 乏 ， 我 岂 不 为 他 忧 愁 呢 ？,0.6605112
13867,llama3.1-8b,21-llamascope-res-32k,feeling,various expressions and contexts of feelings and emotions,8,cuv,2,1TH-003-005,1 Thessalonians,3,5,1 Thessalonians 3:5,为 此 ， 我 既 不 能 再 忍 ， 就 打 发 人 去 ， 要 晓 得 你 们 的 信 心 如 何 ， 恐 怕 那 诱 惑 人 的 到 底 诱 惑 了 你 们 ， 叫 我 们 的 劳 苦 归 於 徒 然 。,0.65996885
30221,llama3.1-8b,26-llamascope-res-32k,feeling,emotional experiences and complex feelings,8,esv,1,JHN-016-033,JHN,16,33,JHN 16:33,"I have said these things to you, that in me you may have peace. In the world you will have tribulation. But take heart; I have overcome the world.""",0.65986437
16010,llama3.1-8b,0-llamascope-res-32k,feeling, words related to emotions or states of being,8,cuv,5,1SA-004-017,1 Samuel,4,17,1 Samuel 4:17,报 信 的 回 答 说 ： 以 色 列 人 在 非 利 士 人 面 前 逃 跑 ， 民 中 被 杀 的 甚 多 ！ 你 的 两 个 儿 子 何 弗 尼 、 非 尼 哈 也 都 死 了 ， 并 且 　 神 的 约 柜 被 掳 去 。,0.65969324
19564,llama3.1-8b,19-llamascope-res-32k,feeling, emotional and sensory states of being,8,cuv,1,ISA-050-002,Isaiah,50,2,Isaiah 50:2,我 来 的 时 候 ， 为 何 无 人 等 候 呢 ？ 我 呼 唤 的 时 候 ， 为 何 无 人 答 应 呢 ？ 我 的 膀 臂 岂 是 缩 短 、 不 能 救 赎 吗 ？ 我 岂 无 拯 救 之 力 麽 ？ 看 哪 ， 我 一 斥 责 ， 海 就 乾 了 ； 我 使 江 河 变 为 旷 野 ； 其 中 的 鱼 因 无 水 腥 臭 ， 乾 渴 而 死 。,0.65946096
30221,llama3.1-8b,26-llamascope-res-32k,feeling,emotional experiences and complex feelings,8,cuv,5,1CO-010-033,1 Corinthians,10,33,1 Corinthians 10:33,就 好 像 我 凡 事 都 叫 众 人 喜 欢 ， 不 求 自 己 的 益 处 ， 只 求 众 人 的 益 处 ， 叫 他 们 得 救 。,0.65878606
4241,llama3.1-8b,2-llamascope-res-32k,feeling, expressions of understanding and realization,8,cuv,4,EZK-003-006,Ezekiel,3,6,Ezekiel 3:6,不 是 往 那 说 话 深 奥 、 言 语 难 懂 的 多 国 去 ， 他 们 的 话 语 是 你 不 懂 得 的 。 我 若 差 你 往 他 们 那 里 去 ， 他 们 必 听 从 你 。,0.65876
11412,llama3.1-8b,2-llamascope-res-32k,feeling,expressions related to feeling good,8,cuv,1,2CO-009-002,2 Corinthians,9,2,2 Corinthians 9:2,因 为 我 知 道 你 们 乐 意 的 心 ， 常 对 马 其 顿 人 夸 奖 你 们 ， 说 亚 该 亚 人 预 备 好 了 ， 已 经 有 一 年 了 ； 并 且 你 们 的 热 心 激 动 了 许 多 人 。,0.6586926
4241,llama3.1-8b,2-llamascope-res-32k,feeling, expressions of understanding and realization,8,cuv,5,ECC-002-021,Ecclesiastes,2,21,Ecclesiastes 2:21,因 为 有 人 用 智 慧 、 知 识 、 灵 巧 所 劳 碌 得 来 的 ， 却 要 留 给 未 曾 劳 碌 的 人 为 分 . 。 这 也 是 虚 空 ， 也 是 大 患 。,0.6582823
3071,llama3.1-8b,2-llamascope-res-32k,feeling,"emotions related to love, self-worth, and personal acceptance",8,esv,2,1JN-004-016,1JN,4,16,1JN 4:16,"So we have come to know and to believe the love that God has for us. God is love, and whoever abides in love abides in God, and God abides in him.",0.6582734
12447,llama3.1-8b,21-llamascope-res-32k,feeling, references to emotional experiences and thoughts related to relief and accountability,8,cuv,4,PSA-035-013,Psalms,35,13,Psalms 35:13,至 於 我 ， 当 他 们 有 病 的 时 候 ， 我 便 穿 麻 衣 ， 禁 食 ， 刻 苦 己 心 ； 我 所 求 的 都 归 到 自 己 的 怀 中 。,0.65824527
22916,llama3.1-8b,2-llamascope-res-32k,feeling,expressions of emotional states related to feeling and emotional connections,8,cuv,1,JOB-032-007,Job,32,7,Job 32:7,我 说 ， 年 老 的 当 先 说 话 ； 寿 高 的 当 以 智 慧 . 教 训 人 。,0.65685916
1510,llama3.1-8b,20-llamascope-res-32k,feeling, phrases conveying a feeling of 'sense' or 'awareness',8,esv,1,2CO-007-004,2CO,7,4,2CO 7:4,"I am acting with great boldness toward you; I have great pride in you; I am filled with comfort. In all our affliction, I am overflowing with joy.",0.65662664
12447,llama3.1-8b,21-llamascope-res-32k,feeling, references to emotional experiences and thoughts related to relief and accountability,8,cuv,5,2CO-007-005,2 Corinthians,7,5,2 Corinthians 7:5,我 们 从 前 就 是 到 了 马 其 顿 的 时 候 ， 身 体 也 不 得 安 宁 ， 周 围 遭 患 难 ， 外 有 争 战 ， 内 有 惧 怕 。,0.6563695
22687,llama3.1-8b,5-llamascope-res-32k,feeling," variations of the verb ""feel"" indicating emotional states",8,cuv,1,2JN-001-012,2 John,1,12,2 John 1:12,我 还 有 许 多 事 要 写 给 你 们 ， 却 不 愿 意 用 纸 墨 写 出 来 ， 但 盼 望 到 你 们 那 里 ， 与 你 们 当 面 谈 论 ， 使 你 们 的 喜 乐 满 足 。,0.6559063
19564,llama3.1-8b,19-llamascope-res-32k,feeling, emotional and sensory states of being,8,cuv,2,JON-002-002,Jonah,2,2,Jonah 2:2,说 ： 我 遭 遇 患 难 求 告 耶 和 华 ， 你 就 应 允 我 ； 从 阴 间 的 深 处 呼 求 ， 你 就 俯 听 我 的 声 音 。,0.6556163
16773,llama3.1-8b,26-llamascope-res-32k,feeling,expressions of emotions related to feeling and emotional states,8,cuv,1,JDG-015-002,Judges,15,2,Judges 15:2,说 ： 我 估 定 你 是 极 其 恨 他 ， 因 此 我 将 他 给 了 你 的 陪 伴 。 他 的 妹 子 不 是 比 他 还 美 丽 麽 ？ 你 可 以 娶 来 代 替 他 罢 ！,0.6555121
30221,llama3.1-8b,26-llamascope-res-32k,feeling,emotional experiences and complex feelings,8,esv,2,JHN-016-020,JHN,16,20,JHN 16:20,"Truly, truly, I say to you, you will weep and lament, but the world will rejoice. You will be sorrowful, but your sorrow will turn into joy.",0.65512496
19564,llama3.1-8b,19-llamascope-res-32k,feeling, emotional and sensory states of being,8,cuv,3,JON-002-009,Jonah,2,9,Jonah 2:9,但 我 必 用 感 谢 的 声 音 献 祭 与 你 。 我 所 许 的 愿 ， 我 必 偿 还 。 救 恩 出 於 耶 和 华 。,0.6549969
22916,llama3.1-8b,2-llamascope-res-32k,feeling,expressions of emotional states related to feeling and emotional connections,8,esv,2,1PE-004-011,1PE,4,11,1PE 4:11,"whoever speaks, as one who speaks oracles of God; whoever serves, as one who serves by the strength that God supplies--in order that in everything God may be glorified through Jesus Christ. To him belong glory and dominion forever and ever. Amen.",0.65477055
8733,llama3.1-8b,11-llamascope-res-32k,sentiment,emotional expressions and sentiments,8,cuv,1,1PE-004-008,1 Peter,4,8,1 Peter 4:8,最 要 紧 的 是 彼 此 切 实 相 爱 ， 因 为 爱 能 遮 掩 许 多 的 罪 。,0.65452486
1800,llama3.1-8b,5-llamascope-res-32k,sentiment, expressions of sentiment and emotional responses,8,cuv,1,JAS-005-016,James,5,16,James 5:16,所 以 你 们 要 彼 此 认 罪 ， 互 相 代 求 ， 使 你 们 可 以 得 医 治 。 义 人 祈 祷 所 发 的 力 量 是 大 有 功 效 的 。,0.6544447
19564,llama3.1-8b,19-llamascope-res-32k,feeling, emotional and sensory states of being,8,cuv,4,JON-004-002,Jonah,4,2,Jonah 4:2,就 祷 告 耶 和 华 说 ： 耶 和 华 啊 ， 我 在 本 国 的 时 候 ， 岂 不 是 这 样 说 吗 ？ 我 知 道 你 是 有 恩 典 、 有 怜 悯 的 神 ， 不 轻 易 发 怒 ， 有 丰 盛 的 慈 爱 ， 并 且 後 悔 不 降 所 说 的 灾 ， 所 以 我 急 速 逃 往 他 施 去 。,0.6543485
1510,llama3.1-8b,20-llamascope-res-32k,feeling, phrases conveying a feeling of 'sense' or 'awareness',8,esv,2,1CH-029-017,1CH,29,17,1CH 29:17,"I know, my God, that you test the heart and have pleasure in uprightness. In the uprightness of my heart I have freely offered all these things, and now I have seen your people, who are present here, offering freely and joyously to you.",0.65434235
12447,llama3.1-8b,21-llamascope-res-32k,feeling, references to emotional experiences and thoughts related to relief and accountability,8,esv,3,HAB-003-016,HAB,3,16,HAB 3:16,"I hear, and my body trembles; my lips quiver at the sound; rottenness enters into my bones; my legs tremble beneath me. Yet I will quietly wait for the day of trouble to come upon people who invade us.",0.6538471
3071,llama3.1-8b,2-llamascope-res-32k,feeling,"emotions related to love, self-worth, and personal acceptance",8,cuv,1,1PE-003-004,1 Peter,3,4,1 Peter 3:4,只 要 以 里 面 存 着 长 久 温 柔 、 安 静 的 心 为 妆 饰 ； 这 在 神 面 前 是 极 宝 贵 的 。,0.65372795
13867,llama3.1-8b,21-llamascope-res-32k,feeling,various expressions and contexts of feelings and emotions,8,cuv,3,JOB-030-025,Job,30,25,Job 30:25,人 遭 难 ， 我 岂 不 为 他 哭 泣 呢 ？ 人 穷 乏 ， 我 岂 不 为 他 忧 愁 呢 ？,0.6533314
13867,llama3.1-8b,21-llamascope-res-32k,feeling,various expressions and contexts of feelings and emotions,8,cuv,4,1CO-007-040,1 Corinthians,7,40,1 Corinthians 7:40,然 而 按 我 的 意 见 ， 若 常 守 节 更 有 福 气 。 我 也 想 自 己 是 被 神 的 灵 感 动 了 。,0.6531809
21752,llama3.1-8b,20-llamascope-res-32k,feeling,emotional expressions related to feelings and sentiments,8,cuv,1,1CO-007-040,1 Corinthians,7,40,1 Corinthians 7:40,然 而 按 我 的 意 见 ， 若 常 守 节 更 有 福 气 。 我 也 想 自 己 是 被 神 的 灵 感 动 了 。,0.6529494
12447,llama3.1-8b,21-llamascope-res-32k,feeling, references to emotional experiences and thoughts related to relief and accountability,8,esv,4,2TI-001-012,2TI,1,12,2TI 1:12,"which is why I suffer as I do. But I am not ashamed, for I know whom I have believed, and I am convinced that he is able to guard until that Day what has been entrusted to me.",0.6529083
8733,llama3.1-8b,11-llamascope-res-32k,sentiment,emotional expressions and sentiments,8,cuv,2,2CO-007-004,2 Corinthians,7,4,2 Corinthians 7:4,我 大 大 的 放 胆 ， 向 你 们 说 话 ； 我 因 你 们 多 多 夸 口 ， 满 得 安 慰 ； 我 们 在 一 切 患 难 中 分 外 的 快 乐 。,0.65284795
30221,llama3.1-8b,26-llamascope-res-32k,feeling,emotional experiences and complex feelings,8,esv,3,1CH-029-017,1CH,29,17,1CH 29:17,"I know, my God, that you test the heart and have pleasure in uprightness. In the uprightness of my heart I have freely offered all these things, and now I have seen your people, who are present here, offering freely and joyously to you.",0.6528413
8733,llama3.1-8b,11-llamascope-res-32k,sentiment,emotional expressions and sentiments,8,cuv,3,ROM-003-002,Romans,3,2,Romans 3:2,凡 事 大 有 好 处 ： 第 一 是 神 的 圣 言 交 托 他 们 。,0.6526798
13867,llama3.1-8b,21-llamascope-res-32k,feeling,various expressions and contexts of feelings and emotions,8,cuv,5,1CO-004-012,1 Corinthians,4,12,1 Corinthians 4:12,并 且 劳 苦 ， 亲 手 做 工 。 被 人 咒 骂 ， 我 们 就 祝 福 ； 被 人 逼 迫 ， 我 们 就 忍 受 ；,0.6525691
1800,llama3.1-8b,5-llamascope-res-32k,sentiment, expressions of sentiment and emotional responses,8,cuv,2,HEB-012-015,Hebrews,12,15,Hebrews 12:15,又 要 谨 慎 ， 恐 怕 有 人 失 了 神 的 恩 ； 恐 怕 有 毒 根 生 出 来 扰 乱 你 们 ， 因 此 叫 众 人 沾 染 污 秽 ；,0.6518181
19564,llama3.1-8b,19-llamascope-res-32k,feeling, emotional and sensory states of being,8,cuv,5,JER-046-005,Jeremiah,46,5,Jeremiah 46:5,我 为 何 看 见 他 们 惊 惶 转 身 退 後 呢 ？ 他 们 的 勇 士 打 败 了 ， 急 忙 逃 跑 ， 并 不 回 头 ； 惊 吓 四 围 都 有 ！ 这 是 耶 和 华 说 的 。,0.65171105
12447,llama3.1-8b,21-llamascope-res-32k,feeling, references to emotional experiences and thoughts related to relief and accountability,8,esv,5,JAS-005-016,JAS,5,16,JAS 5:16,"Therefore, confess your sins to one another and pray for one another, that you may be healed. The prayer of a righteous person has great power as it is working.",0.6516525
16010,llama3.1-8b,0-llamascope-res-32k,feeling, words related to emotions or states of being,8,esv,3,1SA-012-003,1SA,12,3,1SA 12:3,"Here I am; testify against me before the LORD and before his anointed. Whose ox have I taken? Or whose donkey have I taken? Or whom have I defrauded? Whom have I oppressed? Or from whose hand have I taken a bribe to blind my eyes with it? Testify against me and I will restore it to you.""",0.6516265
22875,llama3.1-8b,18-llamascope-res-32k,feeling, phrases indicating a sense of being influenced or affected by various factors or emotions,8,cuv,2,JER-046-005,Jeremiah,46,5,Jeremiah 46:5,我 为 何 看 见 他 们 惊 惶 转 身 退 後 呢 ？ 他 们 的 勇 士 打 败 了 ， 急 忙 逃 跑 ， 并 不 回 头 ； 惊 吓 四 围 都 有 ！ 这 是 耶 和 华 说 的 。,0.6515249
20703,llama3.1-8b,13-llamascope-res-32k,sentiment, expressions of emotions and sentiments,8,cuv,2,2JN-001-012,2 John,1,12,2 John 1:12,我 还 有 许 多 事 要 写 给 你 们 ， 却 不 愿 意 用 纸 墨 写 出 来 ， 但 盼 望 到 你 们 那 里 ， 与 你 们 当 面 谈 论 ， 使 你 们 的 喜 乐 满 足 。,0.6506649
32342,llama3.1-8b,22-llamascope-res-32k,feeling,expressions of emotions and feelings,8,cuv,1,2CO-002-004,2 Corinthians,2,4,2 Corinthians 2:4,我 先 前 心 里 难 过 痛 苦 ， 多 多 的 流 泪 ， 写 信 给 你 们 ， 不 是 叫 你 们 忧 愁 ， 乃 是 叫 你 们 知 道 我 格 外 的 疼 爱 你 们 。,0.6502627
22916,llama3.1-8b,2-llamascope-res-32k,feeling,expressions of emotional states related to feeling and emotional connections,8,cuv,2,2TI-004-002,2 Timothy,4,2,2 Timothy 4:2,务 要 传 道 ， 无 论 得 时 不 得 时 ， 总 要 专 心 ； 并 用 百 般 的 忍 耐 ， 各 样 的 教 训 ， 责 备 人 、 警 戒 人 、 劝 勉 人 。,0.64995074
16773,llama3.1-8b,26-llamascope-res-32k,feeling,expressions of emotions related to feeling and emotional states,8,cuv,2,2TI-003-011,2 Timothy,3,11,2 Timothy 3:11,以 及 我 在 安 提 阿 、 以 哥 念 、 路 司 得 所 遭 遇 的 逼 迫 ， 苦 难 。 我 所 忍 受 是 何 等 的 逼 迫 ； 但 从 这 一 切 苦 难 中 ， 主 都 把 我 救 出 来 了 。,0.649925
16010,llama3.1-8b,0-llamascope-res-32k,feeling, words related to emotions or states of being,8,esv,4,ISA-059-015,ISA,59,15,ISA 59:15,"Truth is lacking, and he who departs from evil makes himself a prey. The LORD saw it, and it displeased him that there was no justice.",0.649681
22875,llama3.1-8b,18-llamascope-res-32k,feeling, phrases indicating a sense of being influenced or affected by various factors or emotions,8,cuv,3,2KI-002-017,2 Kings,2,17,2 Kings 2:17,他 们 再 三 催 促 他 ， 他 难 以 推 辞 ， 就 说 ： 你 们 打 发 人 去 罢 ！ 他 们 便 打 发 五 十 人 去 ， 寻 找 了 三 天 ， 也 没 有 找 着 。,0.64967674
16773,llama3.1-8b,26-llamascope-res-32k,feeling,expressions of emotions related to feeling and emotional states,8,cuv,3,PHP-002-028,Philippians,2,28,Philippians 2:28,所 以 我 越 发 急 速 打 发 他 去 ， 叫 你 们 再 见 他 ， 就 可 以 喜 乐 ， 我 也 可 以 少 些 忧 愁 。,0.6496485
16010,llama3.1-8b,0-llamascope-res-32k,feeling, words related to emotions or states of being,8,esv,5,JER-004-007,JER,4,7,JER 4:7,"A lion has gone up from his thicket, a destroyer of nations has set out; he has gone out from his place to make your land a waste; your cities will be ruins without inhabitant.",0.6496037
1510,llama3.1-8b,20-llamascope-res-32k,feeling, phrases conveying a feeling of 'sense' or 'awareness',8,cuv,1,2CO-002-004,2 Corinthians,2,4,2 Corinthians 2:4,我 先 前 心 里 难 过 痛 苦 ， 多 多 的 流 泪 ， 写 信 给 你 们 ， 不 是 叫 你 们 忧 愁 ， 乃 是 叫 你 们 知 道 我 格 外 的 疼 爱 你 们 。,0.64940745
3071,llama3.1-8b,2-llamascope-res-32k,feeling,"emotions related to love, self-worth, and personal acceptance",8,esv,3,2CO-007-004,2CO,7,4,2CO 7:4,"I am acting with great boldness toward you; I have great pride in you; I am filled with comfort. In all our affliction, I am overflowing with joy.",0.6494011
29846,llama3.1-8b,21-llamascope-res-32k,sentiment,emotional attitudes and sentiments towards individuals or groups,8,cuv,1,1CO-006-009,1 Corinthians,6,9,1 Corinthians 6:9,你 们 岂 不 知 不 义 的 人 不 能 承 受 神 的 国 麽 ？ 不 要 自 欺 ！ 无 论 是 淫 乱 的 、 拜 偶 像 的 、 奸 淫 的 、 作 娈 童 的 、 亲 男 色 的 、,0.6493918
22875,llama3.1-8b,18-llamascope-res-32k,feeling, phrases indicating a sense of being influenced or affected by various factors or emotions,8,cuv,4,ACT-003-012,Acts,3,12,Acts 3:12,彼 得 看 见 ， 就 对 百 姓 说 ： 以 色 列 人 哪 ， 为 甚 麽 把 这 事 当 作 希 奇 呢 ？ 为 甚 麽 定 睛 看 我 们 ， 以 为 我 们 凭 自 己 的 能 力 和 虔 诚 使 这 人 行 走 呢 ？,0.6490645
4662,llama3.1-8b,21-llamascope-res-32k,feeling, expressions of emotional or physical sensations,8,cuv,1,2KI-019-007,2 Kings,19,7,2 Kings 19:7,我 必 惊 动 ( 原 文 作 使 灵 进 入 ) 他 的 心 ， 他 要 听 见 风 声 就 归 回 本 地 。 我 必 使 他 在 那 里 倒 在 刀 下 。,0.648941
1510,llama3.1-8b,20-llamascope-res-32k,feeling, phrases conveying a feeling of 'sense' or 'awareness',8,cuv,2,GAL-004-018,Galatians,4,18,Galatians 4:18,在 善 事 上 ， 常 用 热 心 待 人 原 是 好 的 ， 却 不 单 我 与 你 们 同 在 的 时 候 才 这 样 。,0.6486438
22916,llama3.1-8b,2-llamascope-res-32k,feeling,expressions of emotional states related to feeling and emotional connections,8,cuv,3,DEU-006-007,Deuteronomy,6,7,Deuteronomy 6:7,也 要 殷 勤 教 训 你 的 儿 女 。 无 论 你 坐 在 家 里 ， 行 在 路 上 ， 躺 下 ， 起 来 ， 都 要 谈 论 。,0.6484766
1510,llama3.1-8b,20-llamascope-res-32k,feeling, phrases conveying a feeling of 'sense' or 'awareness',8,cuv,3,2CO-007-004,2 Corinthians,7,4,2 Corinthians 7:4,我 大 大 的 放 胆 ， 向 你 们 说 话 ； 我 因 你 们 多 多 夸 口 ， 满 得 安 慰 ； 我 们 在 一 切 患 难 中 分 外 的 快 乐 。,0.6484357
32342,llama3.1-8b,22-llamascope-res-32k,feeling,expressions of emotions and feelings,8,cuv,2,COL-002-005,Colossians,2,5,Colossians 2:5,我 身 子 虽 与 你 们 相 离 ， 心 却 与 你 们 同 在 ， 见 你 们 循 规 蹈 矩 ， 信 基 督 的 心 也 坚 固 ， 我 就 欢 喜 了 。,0.64804494
19564,llama3.1-8b,19-llamascope-res-32k,feeling, emotional and sensory states of being,8,esv,1,NAM-002-008,NAM,2,8,NAM 2:8,"Nineveh is like a pool whose waters run away. ""Halt! Halt!"" they cry, but none turns back.",0.64772296
22875,llama3.1-8b,18-llamascope-res-32k,feeling, phrases indicating a sense of being influenced or affected by various factors or emotions,8,cuv,5,MAT-011-021,Matthew,11,21,Matthew 11:21,哥 拉 汛 哪 ， 你 有 祸 了 ！ 伯 赛 大 阿 ， 你 有 祸 了 ！ 因 为 在 你 们 中 间 所 行 的 异 能 ， 若 行 在 推 罗 、 西 顿 ， 他 们 早 已 披 麻 蒙 灰 悔 改 了 。,0.64760923
1800,llama3.1-8b,5-llamascope-res-32k,sentiment, expressions of sentiment and emotional responses,8,cuv,3,JER-014-019,Jeremiah,14,19,Jeremiah 14:19,你 全 然 弃 掉 犹 大 麽 ？ 你 心 厌 恶 锡 安 麽 ？ 为 何 击 打 我 们 ， 以 致 无 法 医 治 呢 ？ 我 们 指 望 平 安 ， 却 得 不 着 好 处 ； 指 望 痊 愈 ， 不 料 ， 受 了 惊 惶 。,0.6475694
25824,llama3.1-8b,17-llamascope-res-32k,feeling," expressions relating to sensation, perception, or feelings",8,cuv,1,JDG-005-009,Judges,5,9,Judges 5:9,我 心 倾 向 以 色 列 的 首 领 ， 他 们 在 民 中 甘 心 牺 牲 自 己 。 你 们 应 当 颂 赞 耶 和 华 ！,0.64746463
1510,llama3.1-8b,20-llamascope-res-32k,feeling, phrases conveying a feeling of 'sense' or 'awareness',8,cuv,4,ROM-015-024,Romans,15,24,Romans 15:24,盼 望 从 你 们 那 里 经 过 ， 得 见 你 们 ， 先 与 你 们 彼 此 交 往 ， 心 里 稍 微 满 足 ， 然 後 蒙 你 们 送 行 。,0.6471311
1800,llama3.1-8b,5-llamascope-res-32k,sentiment, expressions of sentiment and emotional responses,8,cuv,4,PSA-031-013,Psalms,31,13,Psalms 31:13,我 听 见 了 许 多 人 的 谗 谤 ， 四 围 都 是 惊 吓 ； 他 们 一 同 商 议 攻 击 我 的 时 候 ， 就 图 谋 要 害 我 的 性 命 。,0.6471287
22687,llama3.1-8b,5-llamascope-res-32k,feeling," variations of the verb ""feel"" indicating emotional states",8,cuv,2,PSA-119-157,Psalms,119,157,Psalms 119:157,逼 迫 我 的 ， 抵 挡 我 的 ， 很 多 ， 我 却 没 有 偏 离 你 的 法 度 。,0.6470133
17869,llama3.1-8b,23-llamascope-res-32k,feeling,expressions of emotions or feelings,8,esv,1,PHP-003-004,PHP,3,4,PHP 3:4,"though I myself have reason for confidence in the flesh also. If anyone else thinks he has reason for confidence in the flesh, I have more:",0.6465968
32342,llama3.1-8b,22-llamascope-res-32k,feeling,expressions of emotions and feelings,8,cuv,3,2CO-002-005,2 Corinthians,2,5,2 Corinthians 2:5,若 有 叫 人 忧 愁 的 ， 他 不 但 叫 我 忧 愁 ， 也 是 叫 你 们 众 人 有 几 分 忧 愁 。 我 说 几 分 ， 恐 怕 说 得 太 重 。,0.6464987
1510,llama3.1-8b,20-llamascope-res-32k,feeling, phrases conveying a feeling of 'sense' or 'awareness',8,cuv,5,2JN-001-012,2 John,1,12,2 John 1:12,我 还 有 许 多 事 要 写 给 你 们 ， 却 不 愿 意 用 纸 墨 写 出 来 ， 但 盼 望 到 你 们 那 里 ， 与 你 们 当 面 谈 论 ， 使 你 们 的 喜 乐 满 足 。,0.64644873
11412,llama3.1-8b,2-llamascope-res-32k,feeling,expressions related to feeling good,8,cuv,2,1CO-009-025,1 Corinthians,9,25,1 Corinthians 9:25,凡 较 力 争 胜 的 ， 诸 事 都 有 节 制 ， 他 们 不 过 是 要 得 能 坏 的 冠 冕 ； 我 们 却 是 要 得 不 能 坏 的 冠 冕 。,0.6461201
30221,llama3.1-8b,26-llamascope-res-32k,feeling,emotional experiences and complex feelings,8,esv,4,ECC-007-008,ECC,7,8,ECC 7:8,"Better is the end of a thing than its beginning, and the patient in spirit is better than the proud in spirit.",0.6458564
29168,llama3.1-8b,19-llamascope-res-32k,feeling,expressions related to emotions and feelings,8,cuv,2,PHP-004-012,Philippians,4,12,Philippians 4:12,我 知 道 怎 样 处 卑 贱 ， 也 知 道 怎 样 处 丰 富 ； 或 饱 足 ， 或 饥 饿 ； 或 有 馀 ， 或 缺 乏 ， 随 事 随 在 ， 我 都 得 了 秘 诀 。,0.645442
22687,llama3.1-8b,5-llamascope-res-32k,feeling," variations of the verb ""feel"" indicating emotional states",8,cuv,3,1KI-010-007,1 Kings,10,7,1 Kings 10:7,我 先 不 信 那 些 话 ， 及 至 我 来 亲 眼 见 了 才 知 道 人 所 告 诉 我 的 还 不 到 一 半 。 你 的 智 慧 和 你 的 福 分 越 过 我 所 听 见 的 风 声 。,0.6452819
11412,llama3.1-8b,2-llamascope-res-32k,feeling,expressions related to feeling good,8,cuv,3,2CO-007-004,2 Corinthians,7,4,2 Corinthians 7:4,我 大 大 的 放 胆 ， 向 你 们 说 话 ； 我 因 你 们 多 多 夸 口 ， 满 得 安 慰 ； 我 们 在 一 切 患 难 中 分 外 的 快 乐 。,0.64502895
4662,llama3.1-8b,21-llamascope-res-32k,feeling, expressions of emotional or physical sensations,8,cuv,2,2KI-003-015,2 Kings,3,15,2 Kings 3:15,现 在 你 们 给 我 找 一 个 弹 琴 的 来 。 弹 琴 的 时 候 ， 耶 和 华 的 灵 ( 原 文 作 手 ) 就 降 在 以 利 沙 身 上 。,0.6448277
22875,llama3.1-8b,18-llamascope-res-32k,feeling, phrases indicating a sense of being influenced or affected by various factors or emotions,8,esv,1,JHN-007-012,JHN,7,12,JHN 7:12,"And there was much muttering about him among the people. While some said, ""He is a good man,"" others said, ""No, he is leading the people astray.""",0.6448077
11412,llama3.1-8b,2-llamascope-res-32k,feeling,expressions related to feeling good,8,cuv,4,TIT-003-008,Titus,3,8,Titus 3:8,这 话 是 可 信 的 。 我 也 愿 你 把 这 些 事 切 切 实 实 的 讲 明 ， 使 那 些 已 信 神 的 人 留 心 做 正 经 事 业 （ 或 作 ： 留 心 行 善 ） 。 这 都 是 美 事 ， 并 且 与 人 有 益 。,0.6447588
3071,llama3.1-8b,2-llamascope-res-32k,feeling,"emotions related to love, self-worth, and personal acceptance",8,cuv,2,2CO-007-011,2 Corinthians,7,11,2 Corinthians 7:11,你 看 ， 你 们 依 着 神 的 意 思 忧 愁 ， 从 此 就 生 出 何 等 的 ? ? 、 自 诉 、 自 恨 、 恐 惧 、 想 念 、 热 心 、 责 罚 （ 或 作 ： 自 责 ） 。 在 这 一 切 事 上 ， 你 们 都 表 明 自 己 是 洁 净 的 。,0.6446736
4662,llama3.1-8b,21-llamascope-res-32k,feeling, expressions of emotional or physical sensations,8,cuv,3,ACT-023-030,Acts,23,30,Acts 23:30,後 来 有 人 把 要 害 他 的 计 谋 告 诉 我 ， 我 就 立 时 解 他 到 你 那 里 去 ， 又 吩 咐 告 他 的 人 在 你 面 前 告 他 。 （ 有 古 卷 在 此 有 ： 愿 你 平 安 ！ ）,0.6446074
32342,llama3.1-8b,22-llamascope-res-32k,feeling,expressions of emotions and feelings,8,cuv,4,2CO-007-004,2 Corinthians,7,4,2 Corinthians 7:4,我 大 大 的 放 胆 ， 向 你 们 说 话 ； 我 因 你 们 多 多 夸 口 ， 满 得 安 慰 ； 我 们 在 一 切 患 难 中 分 外 的 快 乐 。,0.6445471
13687,llama3.1-8b,19-llamascope-res-32k,feeling, sentiments related to gratitude and appreciation,8,esv,1,JAS-005-016,JAS,5,16,JAS 5:16,"Therefore, confess your sins to one another and pray for one another, that you may be healed. The prayer of a righteous person has great power as it is working.",0.64447856
29168,llama3.1-8b,19-llamascope-res-32k,feeling,expressions related to emotions and feelings,8,cuv,3,ECC-008-006,Ecclesiastes,8,6,Ecclesiastes 8:6,各 样 事 务 成 就 都 有 时 候 和 定 理 ， 因 为 人 的 苦 难 重 压 在 他 身 上 。,0.64436126
22916,llama3.1-8b,2-llamascope-res-32k,feeling,expressions of emotional states related to feeling and emotional connections,8,esv,3,1TI-003-001,1TI,3,1,1TI 3:1,"The saying is trustworthy: If anyone aspires to the office of overseer, he desires a noble task.",0.6438883
32342,llama3.1-8b,22-llamascope-res-32k,feeling,expressions of emotions and feelings,8,cuv,5,2CO-012-020,2 Corinthians,12,20,2 Corinthians 12:20,我 怕 我 再 来 的 时 候 ， 见 你 们 不 合 我 所 想 望 的 ， 你 们 见 我 也 不 合 你 们 所 想 望 的 ； 又 怕 有 纷 争 、 嫉 妒 、 恼 怒 、 结 党 、 毁 谤 、 谗 言 、 狂 傲 、 混 乱 的 事 。,0.6437452
3071,llama3.1-8b,2-llamascope-res-32k,feeling,"emotions related to love, self-worth, and personal acceptance",8,cuv,3,1CO-012-024,1 Corinthians,12,24,1 Corinthians 12:24,我 们 俊 美 的 肢 体 ， 自 然 用 不 着 装 饰 ； 但 神 配 搭 这 身 子 ， 把 加 倍 的 体 面 给 那 有 缺 欠 的 肢 体 ，,0.64369595
11412,llama3.1-8b,2-llamascope-res-32k,feeling,expressions related to feeling good,8,cuv,5,2CO-008-022,2 Corinthians,8,22,2 Corinthians 8:22,我 们 又 打 发 一 位 兄 弟 同 去 ； 这 人 的 热 心 ， 我 们 在 许 多 事 上 屡 次 试 验 过 。 现 在 他 因 为 深 信 你 们 ， 就 更 加 热 心 了 。,0.64362544
4662,llama3.1-8b,21-llamascope-res-32k,feeling, expressions of emotional or physical sensations,8,cuv,4,ACT-011-005,Acts,11,5,Acts 11:5,我 在 约 帕 城 里 祷 告 的 时 候 ， 魂 游 象 外 ， 看 见 异 象 ， 有 一 物 降 下 ， 好 像 一 块 大 布 ， 系 着 四 角 ， 从 天 缒 下 ， 直 来 到 我 跟 前 。,0.6436178
8733,llama3.1-8b,11-llamascope-res-32k,sentiment,emotional expressions and sentiments,8,cuv,4,JAS-003-002,James,3,2,James 3:2,原 来 我 们 在 许 多 事 上 都 有 过 失 ； 若 有 人 在 话 语 上 没 有 过 失 ， 他 就 是 完 全 人 ， 也 能 勒 住 自 己 的 全 身 。,0.6435673
8733,llama3.1-8b,11-llamascope-res-32k,sentiment,emotional expressions and sentiments,8,cuv,5,2CO-010-002,2 Corinthians,10,2,2 Corinthians 10:2,有 人 以 为 我 是 凭 着 血 气 行 事 ， 我 也 以 为 必 须 用 勇 敢 待 这 等 人 ； 求 你 们 不 要 叫 我 在 你 们 那 里 的 时 候 ， 有 这 样 的 勇 敢 。,0.6434602
3071,llama3.1-8b,2-llamascope-res-32k,feeling,"emotions related to love, self-worth, and personal acceptance",8,esv,4,2CO-012-019,2CO,12,19,2CO 12:19,"Have you been thinking all along that we have been defending ourselves to you? It is in the sight of God that we have been speaking in Christ, and all for your upbuilding, beloved.",0.64346
16773,llama3.1-8b,26-llamascope-res-32k,feeling,expressions of emotions related to feeling and emotional states,8,cuv,4,1SA-019-021,1 Samuel,19,21,1 Samuel 19:21,有 人 将 这 事 告 诉 扫 罗 ， 他 又 打 发 人 去 ， 他 们 也 受 感 说 话 。 扫 罗 第 三 次 打 发 人 去 ， 他 们 也 受 感 说 话 。,0.6432868
28483,llama3.1-8b,24-llamascope-res-32k,sentiment, emotional expressions or sentiments,8,cuv,1,NUM-005-030,Numbers,5,30,Numbers 5:30,或 是 人 生 了 疑 恨 的 心 ， 疑 恨 他 的 妻 ， 就 有 这 疑 恨 的 条 例 。 那 时 他 要 叫 妇 人 站 在 耶 和 华 面 前 ， 祭 司 要 在 他 身 上 照 这 条 例 而 行 。,0.6430794
27974,llama3.1-8b,30-llamascope-res-32k,feeling,"the emotional expressions articulated through the word ""feeling""",8,cuv,1,NUM-020-017,Numbers,20,17,Numbers 20:17,求 你 容 我 们 从 你 的 地 经 过 。 我 们 不 走 田 间 和 葡 萄 园 ， 也 不 喝 井 里 的 水 ， 只 走 大 道 （ 原 文 作 王 道 ） ， 不 偏 左 右 ， 直 到 过 了 你 的 境 界 。,0.6430626
3071,llama3.1-8b,2-llamascope-res-32k,feeling,"emotions related to love, self-worth, and personal acceptance",8,esv,5,2CO-001-006,2CO,1,6,2CO 1:6,"If we are afflicted, it is for your comfort and salvation; and if we are comforted, it is for your comfort, which you experience when you patiently endure the same sufferings that we suffer.",0.6427208
16773,llama3.1-8b,26-llamascope-res-32k,feeling,expressions of emotions related to feeling and emotional states,8,cuv,5,2KI-005-026,2 Kings,5,26,2 Kings 5:26,以 利 沙 对 他 说 ： 那 人 下 车 转 回 迎 你 的 时 候 ， 我 的 心 岂 没 有 去 呢 ？ 这 岂 是 受 银 子 、 衣 裳 、 买 橄 榄 园 、 葡 萄 园 、 牛 羊 、 仆 婢 的 时 候 呢 ？,0.6425537
8733,llama3.1-8b,11-llamascope-res-32k,sentiment,emotional expressions and sentiments,8,esv,1,ROM-003-008,ROM,3,8,ROM 3:8,And why not do evil that good may come?--as some people slanderously charge us with saying. Their condemnation is just.,0.64253604
28937,llama3.1-8b,20-llamascope-res-32k,feeling, expressions of emotions and sensations,8,cuv,1,2TI-004-007,2 Timothy,4,7,2 Timothy 4:7,那 美 好 的 仗 我 已 经 打 过 了 ， 当 跑 的 路 我 已 经 跑 尽 了 ， 所 信 的 道 我 已 经 守 住 了 。,0.6424174
4662,llama3.1-8b,21-llamascope-res-32k,feeling, expressions of emotional or physical sensations,8,esv,1,HAB-003-016,HAB,3,16,HAB 3:16,"I hear, and my body trembles; my lips quiver at the sound; rottenness enters into my bones; my legs tremble beneath me. Yet I will quietly wait for the day of trouble to come upon people who invade us.",0.642417
22916,llama3.1-8b,2-llamascope-res-32k,feeling,expressions of emotional states related to feeling and emotional connections,8,cuv,4,1TI-005-017,1 Timothy,5,17,1 Timothy 5:17,那 善 於 管 理 教 会 的 长 老 ， 当 以 为 配 受 加 倍 的 敬 奉 ； 那 劳 苦 传 道 教 导 人 的 ， 更 当 如 此 。,0.64219487
22916,llama3.1-8b,2-llamascope-res-32k,feeling,expressions of emotional states related to feeling and emotional connections,8,esv,4,1TI-005-017,1TI,5,17,1TI 5:17,"Let the elders who rule well be considered worthy of double honor, especially those who labor in preaching and teaching.",0.64218175
29168,llama3.1-8b,19-llamascope-res-32k,feeling,expressions related to emotions and feelings,8,cuv,4,ECC-003-006,Ecclesiastes,3,6,Ecclesiastes 3:6,寻 找 有 时 ， 失 落 有 时 ； 保 守 有 时 ， 舍 弃 有 时 ；,0.64212424
1800,llama3.1-8b,5-llamascope-res-32k,sentiment, expressions of sentiment and emotional responses,8,cuv,5,JER-004-031,Jeremiah,4,31,Jeremiah 4:31,我 听 见 有 声 音 ， 彷 佛 妇 人 产 难 的 声 音 ， 好 像 生 头 胎 疼 痛 的 声 音 ， 是 锡 安 女 子 （ 就 是 指 民 的 意 思 ） 的 声 音 ； 他 喘 着 气 、 ? 抄 手 ， 说 ： 我 有 祸 了 ！ 在 杀 人 的 跟 前 ， 我 的 心 发 昏 了 。,0.641783
29168,llama3.1-8b,19-llamascope-res-32k,feeling,expressions related to emotions and feelings,8,cuv,5,ECC-002-010,Ecclesiastes,2,10,Ecclesiastes 2:10,凡 我 眼 所 求 的 ， 我 没 有 留 下 不 给 他 的 ； 我 心 所 乐 的 ， 我 没 有 禁 止 不 享 受 的 ； 因 我 的 心 为 我 一 切 所 劳 碌 的 快 乐 ， 这 就 是 我 从 劳 碌 中 所 得 的 分 。,0.64168507
4662,llama3.1-8b,21-llamascope-res-32k,feeling, expressions of emotional or physical sensations,8,esv,2,LAM-001-020,LAM,1,20,LAM 1:20,"""Look, O LORD, for I am in distress; my stomach churns; my heart is wrung within me, because I have been very rebellious. In the street the sword bereaves; in the house it is like death.",0.6415472
22916,llama3.1-8b,2-llamascope-res-32k,feeling,expressions of emotional states related to feeling and emotional connections,8,esv,5,JAS-005-016,JAS,5,16,JAS 5:16,"Therefore, confess your sins to one another and pray for one another, that you may be healed. The prayer of a righteous person has great power as it is working.",0.6414135
4662,llama3.1-8b,21-llamascope-res-32k,feeling, expressions of emotional or physical sensations,8,cuv,5,ACT-010-030,Acts,10,30,Acts 10:30,哥 尼 流 说 ： 前 四 天 ， 这 个 时 候 ， 我 在 家 中 守 着 申 初 的 祷 告 ， 忽 然 有 一 个 人 穿 着 光 明 的 衣 裳 ， 站 在 我 面 前 ，,0.64127386
8917,llama3.1-8b,19-llamascope-res-32k,feeling, expressions of feeling or emotional states,8,esv,1,ROM-003-008,ROM,3,8,ROM 3:8,And why not do evil that good may come?--as some people slanderously charge us with saying. Their condemnation is just.,0.64119387
14094,llama3.1-8b,29-llamascope-res-32k,feeling,emotional states and feelings experienced by individuals,8,cuv,1,ACT-023-030,Acts,23,30,Acts 23:30,後 来 有 人 把 要 害 他 的 计 谋 告 诉 我 ， 我 就 立 时 解 他 到 你 那 里 去 ， 又 吩 咐 告 他 的 人 在 你 面 前 告 他 。 （ 有 古 卷 在 此 有 ： 愿 你 平 安 ！ ）,0.64112896
21752,llama3.1-8b,20-llamascope-res-32k,feeling,emotional expressions related to feelings and sentiments,8,cuv,2,JER-031-013,Jeremiah,31,13,Jeremiah 31:13,那 时 ， 处 女 必 欢 乐 跳 舞 ； 年 少 的 、 年 老 的 ， 也 必 一 同 欢 乐 ； 因 为 我 要 使 他 们 的 悲 哀 变 为 欢 喜 ， 并 要 安 慰 他 们 ， 使 他 们 的 愁 烦 转 为 快 乐 。,0.6410365
1041,llama3.1-8b,17-llamascope-res-32k,feeling, sentiments related to music and emotional reactions,8,cuv,1,PHP-002-028,Philippians,2,28,Philippians 2:28,所 以 我 越 发 急 速 打 发 他 去 ， 叫 你 们 再 见 他 ， 就 可 以 喜 乐 ， 我 也 可 以 少 些 忧 愁 。,0.640946
31060,llama3.1-8b,7-llamascope-res-32k,sentiment,emotional expressions and sentiments in the text,8,cuv,1,3JN-001-014,3 John,1,14,3 John 1:14,但 盼 望 快 快 的 见 你 ， 我 们 就 当 面 谈 论 。 [ (III John 1:15) 愿 你 平 安 。 众 位 朋 友 都 问 你 安 。 请 你 替 我 按 着 姓 名 问 众 位 朋 友 安 。 ],0.64090514
8917,llama3.1-8b,19-llamascope-res-32k,feeling, expressions of feeling or emotional states,8,cuv,1,2PE-003-009,2 Peter,3,9,2 Peter 3:9,主 所 应 许 的 尚 未 成 就 ， 有 人 以 为 他 是 耽 延 ， 其 实 不 是 耽 延 ， 乃 是 宽 容 你 们 ， 不 愿 有 一 人 沉 沦 ， 乃 愿 人 人 都 悔 改 。,0.64078563
12717,llama3.1-8b,14-llamascope-res-32k,sentiment,significant sentiment expressions and emotional tones,8,cuv,1,2CO-006-009,2 Corinthians,6,9,2 Corinthians 6:9,似 乎 不 为 人 所 知 ， 却 是 人 所 共 知 的 ； 似 乎 要 死 ， 却 是 活 着 的 ； 似 乎 受 责 罚 ， 却 是 不 至 丧 命 的 ；,0.6407019
22916,llama3.1-8b,2-llamascope-res-32k,feeling,expressions of emotional states related to feeling and emotional connections,8,cuv,5,1TI-002-007,1 Timothy,2,7,1 Timothy 2:7,我 为 此 奉 派 作 传 道 的 ， 作 使 徒 ， 作 外 邦 人 的 师 傅 ， 教 导 他 们 相 信 ， 学 习 真 道 。 我 说 的 是 真 话 ， 并 不 是 谎 言 。,0.6405827
17869,llama3.1-8b,23-llamascope-res-32k,feeling,expressions of emotions or feelings,8,cuv,1,JDG-015-002,Judges,15,2,Judges 15:2,说 ： 我 估 定 你 是 极 其 恨 他 ， 因 此 我 将 他 给 了 你 的 陪 伴 。 他 的 妹 子 不 是 比 他 还 美 丽 麽 ？ 你 可 以 娶 来 代 替 他 罢 ！,0.64056057
27974,llama3.1-8b,30-llamascope-res-32k,feeling,"the emotional expressions articulated through the word ""feeling""",8,esv,1,2SA-014-017,2SA,14,17,2SA 14:17,"And your servant thought, 'The word of my lord the king will set me at rest,' for my lord the king is like the angel of God to discern good and evil. The LORD your God be with you!""",0.6403798
1510,llama3.1-8b,20-llamascope-res-32k,feeling, phrases conveying a feeling of 'sense' or 'awareness',8,esv,3,2JN-001-012,2JN,1,12,2JN 1:12,"Though I have much to write to you, I would rather not use paper and ink. Instead I hope to come to you and talk face to face, so that our joy may be complete.",0.64037144
20703,llama3.1-8b,13-llamascope-res-32k,sentiment, expressions of emotions and sentiments,8,cuv,3,PSA-045-001,Psalms,45,1,Psalms 45:1,（ 可 拉 後 裔 的 训 诲 诗 ， 又 是 爱 慕 歌 ， 交 与 伶 长 。 调 用 百 合 花 。 ） 我 心 里 涌 出 美 辞 ； 我 论 到 我 为 王 做 的 事 ， 我 的 舌 头 是 快 手 笔 。,0.6401826
19564,llama3.1-8b,19-llamascope-res-32k,feeling, emotional and sensory states of being,8,esv,2,JON-002-009,JON,2,9,JON 2:9,"But I with the voice of thanksgiving will sacrifice to you; what I have vowed I will pay. Salvation belongs to the LORD!""",0.6401012
14094,llama3.1-8b,29-llamascope-res-32k,feeling,emotional states and feelings experienced by individuals,8,cuv,2,JER-031-013,Jeremiah,31,13,Jeremiah 31:13,那 时 ， 处 女 必 欢 乐 跳 舞 ； 年 少 的 、 年 老 的 ， 也 必 一 同 欢 乐 ； 因 为 我 要 使 他 们 的 悲 哀 变 为 欢 喜 ， 并 要 安 慰 他 们 ， 使 他 们 的 愁 烦 转 为 快 乐 。,0.6399411
15681,llama3.1-8b,24-llamascope-res-32k,feeling,excitement or exhilarating experiences,8,cuv,1,2TI-003-003,2 Timothy,3,3,2 Timothy 3:3,无 亲 情 、 不 解 怨 、 好 说 谗 言 、 不 能 自 约 、 性 情 凶 暴 、 不 爱 良 善 、,0.6394409
27974,llama3.1-8b,30-llamascope-res-32k,feeling,"the emotional expressions articulated through the word ""feeling""",8,esv,2,JAS-005-016,JAS,5,16,JAS 5:16,"Therefore, confess your sins to one another and pray for one another, that you may be healed. The prayer of a righteous person has great power as it is working.",0.6394127
25824,llama3.1-8b,17-llamascope-res-32k,feeling," expressions relating to sensation, perception, or feelings",8,cuv,2,NUM-016-042,Numbers,16,42,Numbers 16:42,会 众 聚 集 攻 击 摩 西 、 亚 伦 的 时 候 ， 向 会 幕 观 看 ， 不 料 ， 有 云 彩 遮 盖 了 ， 耶 和 华 的 荣 光 显 现 。,0.6392998
11412,llama3.1-8b,2-llamascope-res-32k,feeling,expressions related to feeling good,8,esv,1,PHP-003-004,PHP,3,4,PHP 3:4,"though I myself have reason for confidence in the flesh also. If anyone else thinks he has reason for confidence in the flesh, I have more:",0.63909674
15596,llama3.1-8b,17-llamascope-res-32k,feeling," expressions related to ""sense of"" followed by various emotional or perceptual states",8,cuv,1,MAT-017-005,Matthew,17,5,Matthew 17:5,说 话 之 间 ， 忽 然 有 一 朵 光 明 的 云 彩 遮 盖 他 们 ， 且 有 声 音 从 云 彩 里 出 来 ， 说 ： 这 是 我 的 爱 子 ， 我 所 喜 悦 的 。 你 们 要 听 他 ！,0.63901603
30221,llama3.1-8b,26-llamascope-res-32k,feeling,emotional experiences and complex feelings,8,esv,5,PHP-004-012,PHP,4,12,PHP 4:12,"I know how to be brought low, and I know how to abound. In any and every circumstance, I have learned the secret of facing plenty and hunger, abundance and need.",0.6389588
27477,llama3.1-8b,14-llamascope-res-32k,feeling, expressions related to experiences and feelings about enjoyment or fun,8,cuv,1,MAT-006-005,Matthew,6,5,Matthew 6:5,你 们 祷 告 的 时 候 ， 不 可 像 那 假 冒 为 善 的 人 ， 爱 站 在 会 堂 里 和 十 字 路 口 上 祷 告 ， 故 意 叫 人 看 见 。 我 实 在 告 诉 你 们 ， 他 们 已 经 得 了 他 们 的 赏 赐 。,0.6389183
1559,llama3.1-8b,3-llamascope-res-32k,feeling, phrases expressing emotional reactions and feelings of acceptance,8,cuv,1,2CO-012-020,2 Corinthians,12,20,2 Corinthians 12:20,我 怕 我 再 来 的 时 候 ， 见 你 们 不 合 我 所 想 望 的 ， 你 们 见 我 也 不 合 你 们 所 想 望 的 ； 又 怕 有 纷 争 、 嫉 妒 、 恼 怒 、 结 党 、 毁 谤 、 谗 言 、 狂 傲 、 混 乱 的 事 。,0.63873124
19564,llama3.1-8b,19-llamascope-res-32k,feeling, emotional and sensory states of being,8,esv,3,PSA-114-005,PSA,114,5,PSA 114:5,"What ails you, O sea, that you flee? O Jordan, that you turn back?",0.6385489
22687,llama3.1-8b,5-llamascope-res-32k,feeling," variations of the verb ""feel"" indicating emotional states",8,cuv,4,ECC-012-012,Ecclesiastes,12,12,Ecclesiastes 12:12,我 儿 ， 还 有 一 层 ， 你 当 受 劝 戒 ： 着 书 多 ， 没 有 穷 尽 ； 读 书 多 ， 身 体 疲 倦 。,0.6384578
19564,llama3.1-8b,19-llamascope-res-32k,feeling, emotional and sensory states of being,8,esv,4,PSA-003-002,PSA,3,2,PSA 3:2,"many are saying of my soul, there is no salvation for him in God. Selah",0.63842696
22687,llama3.1-8b,5-llamascope-res-32k,feeling," variations of the verb ""feel"" indicating emotional states",8,cuv,5,JER-015-018,Jeremiah,15,18,Jeremiah 15:18,我 的 痛 苦 为 何 长 久 不 止 呢 ？ 我 的 伤 痕 为 何 无 法 医 治 、 不 能 痊 愈 呢 ？ 难 道 你 待 我 有 诡 诈 ， 像 流 乾 的 河 道 麽 ？,0.6384263
25824,llama3.1-8b,17-llamascope-res-32k,feeling," expressions relating to sensation, perception, or feelings",8,cuv,3,ACT-009-006,Acts,9,6,Acts 9:6,起 来 ！ 进 城 去 ， 你 所 当 做 的 事 ， 必 有 人 告 诉 你 。,0.6383563
17869,llama3.1-8b,23-llamascope-res-32k,feeling,expressions of emotions or feelings,8,cuv,2,PHP-003-004,Philippians,3,4,Philippians 3:4,其 实 ， 我 也 可 以 靠 肉 体 ； 若 是 别 人 想 他 可 以 靠 肉 体 ， 我 更 可 以 靠 着 了 。,0.6383457
8917,llama3.1-8b,19-llamascope-res-32k,feeling, expressions of feeling or emotional states,8,cuv,2,TIT-003-008,Titus,3,8,Titus 3:8,这 话 是 可 信 的 。 我 也 愿 你 把 这 些 事 切 切 实 实 的 讲 明 ， 使 那 些 已 信 神 的 人 留 心 做 正 经 事 业 （ 或 作 ： 留 心 行 善 ） 。 这 都 是 美 事 ， 并 且 与 人 有 益 。,0.6382662
11116,llama3.1-8b,15-llamascope-res-32k,feeling,emotions and states of being related to frustration or dissatisfaction,8,cuv,1,ECC-003-007,Ecclesiastes,3,7,Ecclesiastes 3:7,撕 裂 有 时 ， 缝 补 有 时 ； 静 默 有 时 ， 言 语 有 时 ；,0.637738
19564,llama3.1-8b,19-llamascope-res-32k,feeling, emotional and sensory states of being,8,esv,5,JER-048-039,JER,48,39,JER 48:39,"How it is broken! How they wail! How Moab has turned his back in shame! So Moab has become a derision and a horror to all that are around him.""",0.6374571
8733,llama3.1-8b,11-llamascope-res-32k,sentiment,emotional expressions and sentiments,8,esv,2,ECC-006-002,ECC,6,2,ECC 6:2,"a man to whom God gives wealth, possessions, and honor, so that he lacks nothing of all that he desires, yet God does not give him power to enjoy them, but a stranger enjoys them. This is vanity; it is a grievous evil.",0.63726217
16151,llama3.1-8b,3-llamascope-res-32k,feeling,expressions of emotion and feelings,8,cuv,1,2KI-007-009,2 Kings,7,9,2 Kings 7:9,那 时 ， 他 们 彼 此 说 ： 我 们 所 做 的 不 好 ！ 今 日 是 有 好 信 息 的 日 子 ， 我 们 竟 不 作 声 ！ 若 等 到 天 亮 ， 罪 必 临 到 我 们 。 来 罢 ， 我 们 与 王 家 报 信 去 ！,0.63725716
8917,llama3.1-8b,19-llamascope-res-32k,feeling, expressions of feeling or emotional states,8,cuv,3,GAL-004-018,Galatians,4,18,Galatians 4:18,在 善 事 上 ， 常 用 热 心 待 人 原 是 好 的 ， 却 不 单 我 与 你 们 同 在 的 时 候 才 这 样 。,0.6372307
1041,llama3.1-8b,17-llamascope-res-32k,feeling, sentiments related to music and emotional reactions,8,cuv,2,1KI-010-007,1 Kings,10,7,1 Kings 10:7,我 先 不 信 那 些 话 ， 及 至 我 来 亲 眼 见 了 才 知 道 人 所 告 诉 我 的 还 不 到 一 半 。 你 的 智 慧 和 你 的 福 分 越 过 我 所 听 见 的 风 声 。,0.63712317
14094,llama3.1-8b,29-llamascope-res-32k,feeling,emotional states and feelings experienced by individuals,8,cuv,3,2CO-002-003,2 Corinthians,2,3,2 Corinthians 2:3,我 曾 把 这 事 写 给 你 们 ， 恐 怕 我 到 的 时 候 ， 应 该 叫 我 快 乐 的 那 些 人 ， 反 倒 叫 我 忧 愁 。 我 也 深 信 ， 你 们 众 人 都 以 我 的 快 乐 为 自 己 的 快 乐 。,0.6370487
3071,llama3.1-8b,2-llamascope-res-32k,feeling,"emotions related to love, self-worth, and personal acceptance",8,cuv,4,JHN-007-018,John,7,18,John 7:18,人 凭 着 自 己 说 ， 是 求 自 己 的 荣 耀 ； 惟 有 求 那 差 他 来 者 的 荣 耀 ， 这 人 是 真 的 ， 在 他 心 里 没 有 不 义 。,0.63701785
1041,llama3.1-8b,17-llamascope-res-32k,feeling, sentiments related to music and emotional reactions,8,cuv,3,2CO-002-003,2 Corinthians,2,3,2 Corinthians 2:3,我 曾 把 这 事 写 给 你 们 ， 恐 怕 我 到 的 时 候 ， 应 该 叫 我 快 乐 的 那 些 人 ， 反 倒 叫 我 忧 愁 。 我 也 深 信 ， 你 们 众 人 都 以 我 的 快 乐 为 自 己 的 快 乐 。,0.6369283
14094,llama3.1-8b,29-llamascope-res-32k,feeling,emotional states and feelings experienced by individuals,8,cuv,4,NUM-005-030,Numbers,5,30,Numbers 5:30,或 是 人 生 了 疑 恨 的 心 ， 疑 恨 他 的 妻 ， 就 有 这 疑 恨 的 条 例 。 那 时 他 要 叫 妇 人 站 在 耶 和 华 面 前 ， 祭 司 要 在 他 身 上 照 这 条 例 而 行 。,0.6368531
14094,llama3.1-8b,29-llamascope-res-32k,feeling,emotional states and feelings experienced by individuals,8,cuv,5,PSA-050-021,Psalms,50,21,Psalms 50:21,你 行 了 这 些 事 ， 我 还 闭 口 不 言 ， 你 想 我 恰 和 你 一 样 ； 其 实 我 要 责 备 你 ， 将 这 些 事 摆 在 你 眼 前 。,0.6367723
11280,llama3.1-8b,30-llamascope-res-32k,feeling,emotions and feelings associated with experiences,8,cuv,1,2CO-007-004,2 Corinthians,7,4,2 Corinthians 7:4,我 大 大 的 放 胆 ， 向 你 们 说 话 ； 我 因 你 们 多 多 夸 口 ， 满 得 安 慰 ； 我 们 在 一 切 患 难 中 分 外 的 快 乐 。,0.6366507
20703,llama3.1-8b,13-llamascope-res-32k,sentiment, expressions of emotions and sentiments,8,cuv,4,PHP-004-012,Philippians,4,12,Philippians 4:12,我 知 道 怎 样 处 卑 贱 ， 也 知 道 怎 样 处 丰 富 ； 或 饱 足 ， 或 饥 饿 ； 或 有 馀 ， 或 缺 乏 ， 随 事 随 在 ， 我 都 得 了 秘 诀 。,0.6364932
20703,llama3.1-8b,13-llamascope-res-32k,sentiment, expressions of emotions and sentiments,8,cuv,5,LUK-001-001,Luke,1,1,Luke 1:1,提 阿 非 罗 大 人 哪 ， 有 好 些 人 提 笔 作 书 ， 述 说 在 我 们 中 间 所 成 就 的 事 ， 是 照 传 道 的 人 从 起 初 亲 眼 看 见 又 传 给 我 们 的 。,0.63643444
17869,llama3.1-8b,23-llamascope-res-32k,feeling,expressions of emotions or feelings,8,cuv,3,JAS-002-016,James,2,16,James 2:16,你 们 中 间 有 人 对 他 们 说 ： 「 平 平 安 安 的 去 罢 ！ 愿 你 们 穿 得 暖 ， 吃 得 饱 」 ； 却 不 给 他 们 身 体 所 需 用 的 ， 这 有 甚 麽 益 处 呢 ？,0.6362129
29846,llama3.1-8b,21-llamascope-res-32k,sentiment,emotional attitudes and sentiments towards individuals or groups,8,cuv,2,ACT-020-030,Acts,20,30,Acts 20:30,就 是 你 们 中 间 ， 也 必 有 人 起 来 说 悖 谬 的 话 ， 要 引 诱 门 徒 跟 从 他 们 。,0.6361306
3071,llama3.1-8b,2-llamascope-res-32k,feeling,"emotions related to love, self-worth, and personal acceptance",8,cuv,5,PSA-017-015,Psalms,17,15,Psalms 17:15,至 於 我 ， 我 必 在 义 中 见 你 的 面 ； 我 醒 了 的 时 候 ， 得 见 （ 或 译 ： 着 ） 你 的 形 像 就 心 满 意 足 了 。,0.6361009
28483,llama3.1-8b,24-llamascope-res-32k,sentiment, emotional expressions or sentiments,8,cuv,2,ACT-010-017,Acts,10,17,Acts 10:17,彼 得 心 里 正 在 猜 疑 之 间 ， 不 知 所 看 见 的 异 象 是 甚 麽 意 思 。 哥 尼 流 所 差 来 的 人 已 经 访 问 到 西 门 的 家 ， 站 在 门 外 ，,0.6356973
29168,llama3.1-8b,19-llamascope-res-32k,feeling,expressions related to emotions and feelings,8,esv,1,1TI-003-001,1TI,3,1,1TI 3:1,"The saying is trustworthy: If anyone aspires to the office of overseer, he desires a noble task.",0.63548976
8733,llama3.1-8b,11-llamascope-res-32k,sentiment,emotional expressions and sentiments,8,esv,3,2JN-001-012,2JN,1,12,2JN 1:12,"Though I have much to write to you, I would rather not use paper and ink. Instead I hope to come to you and talk face to face, so that our joy may be complete.",0.6354841
16443,llama3.1-8b,6-llamascope-res-32k,feeling, phrases describing experiences and feelings,8,cuv,1,2JN-001-012,2 John,1,12,2 John 1:12,我 还 有 许 多 事 要 写 给 你 们 ， 却 不 愿 意 用 纸 墨 写 出 来 ， 但 盼 望 到 你 们 那 里 ， 与 你 们 当 面 谈 论 ， 使 你 们 的 喜 乐 满 足 。,0.63544977
28668,llama3.1-8b,9-llamascope-res-32k,feeling, expressions of feelings and emotions,8,cuv,1,2JN-001-012,2 John,1,12,2 John 1:12,我 还 有 许 多 事 要 写 给 你 们 ， 却 不 愿 意 用 纸 墨 写 出 来 ， 但 盼 望 到 你 们 那 里 ， 与 你 们 当 面 谈 论 ， 使 你 们 的 喜 乐 满 足 。,0.6352533
14207,llama3.1-8b,4-llamascope-res-32k,sentiment, positive sentiment or approval,8,cuv,1,REV-022-007,Revelation,22,7,Revelation 22:7,看 哪 ， 我 必 快 来 ！ 凡 遵 守 这 书 上 预 言 的 有 福 了 ！,0.63515925
15994,llama3.1-8b,14-llamascope-res-32k,feeling,expressions of emotions and feelings,8,cuv,1,2CO-012-020,2 Corinthians,12,20,2 Corinthians 12:20,我 怕 我 再 来 的 时 候 ， 见 你 们 不 合 我 所 想 望 的 ， 你 们 见 我 也 不 合 你 们 所 想 望 的 ； 又 怕 有 纷 争 、 嫉 妒 、 恼 怒 、 结 党 、 毁 谤 、 谗 言 、 狂 傲 、 混 乱 的 事 。,0.63512754
16151,llama3.1-8b,3-llamascope-res-32k,feeling,expressions of emotion and feelings,8,cuv,2,2KI-002-010,2 Kings,2,10,2 Kings 2:10,以 利 亚 说 ： 你 所 求 的 难 得 。 虽 然 如 此 ， 我 被 接 去 离 开 你 的 时 候 ， 你 若 看 见 我 ， 就 必 得 着 ； 不 然 ， 必 得 不 着 了 。,0.63510966
27974,llama3.1-8b,30-llamascope-res-32k,feeling,"the emotional expressions articulated through the word ""feeling""",8,esv,3,JAS-005-013,JAS,5,13,JAS 5:13,Is anyone among you suffering? Let him pray. Is anyone cheerful? Let him sing praise.,0.63503766
8733,llama3.1-8b,11-llamascope-res-32k,sentiment,emotional expressions and sentiments,8,esv,4,2TH-003-002,2TH,3,2,2TH 3:2,and that we may be delivered from wicked and evil men. For not all have faith.,0.63497245
1510,llama3.1-8b,20-llamascope-res-32k,feeling, phrases conveying a feeling of 'sense' or 'awareness',8,esv,4,1CO-014-026,1CO,14,26,1CO 14:26,"What then, brothers? When you come together, each one has a hymn, a lesson, a revelation, a tongue, or an interpretation. Let all things be done for building up.",0.6346593
13867,llama3.1-8b,21-llamascope-res-32k,feeling,various expressions and contexts of feelings and emotions,8,esv,1,JOB-010-001,JOB,10,1,JOB 10:1,"""I loathe my life; I will give free utterance to my complaint; I will speak in the bitterness of my soul.",0.6345391
1041,llama3.1-8b,17-llamascope-res-32k,feeling, sentiments related to music and emotional reactions,8,cuv,4,2CO-007-004,2 Corinthians,7,4,2 Corinthians 7:4,我 大 大 的 放 胆 ， 向 你 们 说 话 ； 我 因 你 们 多 多 夸 口 ， 满 得 安 慰 ； 我 们 在 一 切 患 难 中 分 外 的 快 乐 。,0.6344163
13867,llama3.1-8b,21-llamascope-res-32k,feeling,various expressions and contexts of feelings and emotions,8,esv,2,2CO-012-020,2CO,12,20,2CO 12:20,"For I fear that perhaps when I come I may find you not as I wish, and that you may find me not as you wish--that perhaps there may be quarreling, jealousy, anger, hostility, slander, gossip, conceit, and disorder.",0.6343607
8917,llama3.1-8b,19-llamascope-res-32k,feeling, expressions of feeling or emotional states,8,cuv,4,JHN-021-018,John,21,18,John 21:18,我 实 实 在 在 的 告 诉 你 ， 你 年 少 的 时 候 ， 自 己 束 上 带 子 ， 随 意 往 来 ； 但 年 老 的 时 候 ， 你 要 伸 出 手 来 ， 别 人 要 把 你 束 上 ， 带 你 到 不 愿 意 去 的 地 方 。,0.63429296
25824,llama3.1-8b,17-llamascope-res-32k,feeling," expressions relating to sensation, perception, or feelings",8,cuv,4,PRO-031-025,Proverbs,31,25,Proverbs 31:25,能 力 和 威 仪 是 他 的 衣 服 ； 他 想 到 日 後 的 景 况 就 喜 笑 。,0.6342837
14207,llama3.1-8b,4-llamascope-res-32k,sentiment, positive sentiment or approval,8,cuv,2,DEU-033-029,Deuteronomy,33,29,Deuteronomy 33:29,以 色 列 阿 ， 你 是 有 福 的 ！ 谁 像 你 这 蒙 耶 和 华 所 拯 救 的 百 姓 呢 ？ 他 是 你 的 盾 牌 ， 帮 助 你 ， 是 你 威 荣 的 刀 剑 。 你 的 仇 敌 必 投 降 你 ； 你 必 踏 在 他 们 的 高 处 。,0.6341355
28483,llama3.1-8b,24-llamascope-res-32k,sentiment, emotional expressions or sentiments,8,cuv,3,2KI-009-017,2 Kings,9,17,2 Kings 9:17,有 一 个 守 望 的 人 站 在 耶 斯 列 的 楼 上 ， 看 见 耶 户 带 着 一 群 人 来 ， 就 说 ： 我 看 见 一 群 人 。 约 兰 说 ： 打 发 一 个 骑 马 的 去 迎 接 他 们 ， 问 说 ： 平 安 不 平 安 ？,0.6339555
29168,llama3.1-8b,19-llamascope-res-32k,feeling,expressions related to emotions and feelings,8,esv,2,PHP-004-012,PHP,4,12,PHP 4:12,"I know how to be brought low, and I know how to abound. In any and every circumstance, I have learned the secret of facing plenty and hunger, abundance and need.",0.63394475
27477,llama3.1-8b,14-llamascope-res-32k,feeling, expressions related to experiences and feelings about enjoyment or fun,8,cuv,2,HEB-010-033,Hebrews,10,33,Hebrews 10:33,一 面 被 毁 谤 ， 遭 患 难 ， 成 了 戏 景 ， 叫 众 人 观 看 ； 一 面 陪 伴 那 些 受 这 样 苦 难 的 人 。,0.63374865
21752,llama3.1-8b,20-llamascope-res-32k,feeling,emotional expressions related to feelings and sentiments,8,cuv,3,ECC-002-001,Ecclesiastes,2,1,Ecclesiastes 2:1,我 心 里 说 ： 来 罢 ， 我 以 喜 乐 试 试 你 ， 你 好 享 福 ！ 谁 知 ， 这 也 是 虚 空 。,0.63362753
1510,llama3.1-8b,20-llamascope-res-32k,feeling, phrases conveying a feeling of 'sense' or 'awareness',8,esv,5,GEN-004-007,GEN,4,7,GEN 4:7,"If you do well, will you not be accepted? And if you do not do well, sin is crouching at the door. Its desire is for you, but you must rule over it.""",0.63355845
10516,llama3.1-8b,4-llamascope-res-32k,feeling,expressions of emotions and feelings,8,cuv,1,2CO-007-004,2 Corinthians,7,4,2 Corinthians 7:4,我 大 大 的 放 胆 ， 向 你 们 说 话 ； 我 因 你 们 多 多 夸 口 ， 满 得 安 慰 ； 我 们 在 一 切 患 难 中 分 外 的 快 乐 。,0.63341576
29168,llama3.1-8b,19-llamascope-res-32k,feeling,expressions related to emotions and feelings,8,esv,3,ECC-001-013,ECC,1,13,ECC 1:13,And I applied my heart to seek and to search out by wisdom all that is done under heaven. It is an unhappy business that God has given to the children of man to be busy with.,0.6330754
8917,llama3.1-8b,19-llamascope-res-32k,feeling, expressions of feeling or emotional states,8,cuv,5,2JN-001-012,2 John,1,12,2 John 1:12,我 还 有 许 多 事 要 写 给 你 们 ， 却 不 愿 意 用 纸 墨 写 出 来 ， 但 盼 望 到 你 们 那 里 ， 与 你 们 当 面 谈 论 ， 使 你 们 的 喜 乐 满 足 。,0.63298047
4241,llama3.1-8b,2-llamascope-res-32k,feeling, expressions of understanding and realization,8,esv,1,1CO-014-005,1CO,14,5,1CO 14:5,"Now I want you all to speak in tongues, but even more to prophesy. The one who prophesies is greater than the one who speaks in tongues, unless someone interprets, so that the church may be built up.",0.6329571
1559,llama3.1-8b,3-llamascope-res-32k,feeling, phrases expressing emotional reactions and feelings of acceptance,8,esv,1,2CO-001-006,2CO,1,6,2CO 1:6,"If we are afflicted, it is for your comfort and salvation; and if we are comforted, it is for your comfort, which you experience when you patiently endure the same sufferings that we suffer.",0.6329084
27974,llama3.1-8b,30-llamascope-res-32k,feeling,"the emotional expressions articulated through the word ""feeling""",8,cuv,2,JAS-005-016,James,5,16,James 5:16,所 以 你 们 要 彼 此 认 罪 ， 互 相 代 求 ， 使 你 们 可 以 得 医 治 。 义 人 祈 祷 所 发 的 力 量 是 大 有 功 效 的 。,0.6327305
